name,r_gyrA*,r_parC*,gyrA_mutations,parC_mutations
Liv100,2,1,"S83L, D87N",S80R
Liv101,0,0,NA,NA
Liv102,1,0,S83L,NA
Liv103,1,0,S83L,NA
Liv104,2,1,"S83L, D87N",S80I
Liv105,2,1,"S83L, D87N",S80I
Liv106,2,1,"S83L, D87N",S80I
Liv107,0,0,NA,NA
Liv108,2,1,"S83L, D87N",S80I
Liv109,2,1,"S83L, D87N",S80I
Liv110,1,0,S83L,NA
Liv111,2,1,"S83L, D87N",S80I
Liv111M,2,1,"S83L, D87N",S80I
Liv112,2,1,"S83L, D87N",S80I
Liv113,2,1,"S83L, D87N",S80I
Liv114,2,1,"S83L, D87N",S80I
Liv114M,2,1,"S83L, D87N",S80I
Liv11,0,0,NA,NA
Liv12,0,0,NA,NA
Liv13,0,0,NA,NA
Liv14,0,0,NA,NA
Liv16,0,0,NA,NA
Liv17,0,0,NA,NA
Liv18,0,0,NA,NA
Liv19,0,0,NA,NA
Liv1,0,0,NA,NA
Liv21,1,0,S83L,NA
Liv22,2,1,"S83L, D87N",S80I
Liv23,2,1,"S83L, D87N",S80I
Liv24,0,0,NA,NA
Liv25,1,0,S83L,NA
Liv26,0,0,NA,NA
Liv27,1,0,S83L,NA
Liv28,0,0,NA,NA
Liv29,0,0,NA,NA
Liv2,2,1,"S83L, D87N",S80I
Liv30,2,1,"S83L, D87N",S80I
Liv30MA,2,1,"S83L, D87N",S80I
Liv30MB,2,1,"S83L, D87N",S80I
Liv31,0,0,NA,NA
Liv32,1,0,S83L,NA
Liv33,1,0,S83L,NA
Liv34,0,0,NA,NA
Liv35,2,1,"S83L, D87N",S80I
Liv36,2,1,"S83L, D87N",S80I
Liv37,2,1,"S83L, D87N",S80I
Liv37M,0,0,NA,NA
Liv38,2,1,"S83L, D87N",S80I
Liv39,0,0,NA,NA
Liv3,1,0,S83L,NA
Liv40,2,1,"S83L, D87N",S80I
Liv40M,2,1,"S83L, D87N",S80I
Liv41,2,1,"S83L, D87N",S80I
Liv42,2,1,"S83L, D87N",S80I
Liv43,2,1,"S83L, D87N",S80I
Liv43M,2,1,"S83L, D87N",S80I
Liv44,2,1,"S83L, D87N",S80I
Liv45,2,1,"S83L, D87N",S80I
Liv46,0,0,NA,NA
Liv47,2,1,"S83L, D87N",S80I
Liv48,0,0,NA,NA
Liv49,2,1,"S83L, D87N",S80I
Liv4,1,0,S83L,NA
Liv50,1,1,S83L,S80I
Liv51,1,1,S83L,S80I
Liv52,2,1,"S83L, D87N",S80I
Liv53M,2,1,"S83L, D87N",S80I
Liv55,2,1,"S83L, D87N",S80I
Liv56,2,1,"S83L, D87N",S80I
Liv57,2,1,"S83L, D87N",S80R
Liv58,1,0,S83L,NA
Liv59,2,1,"S83L, D87N",S80R
Liv5,0,0,NA,NA
Liv60,2,1,"S83L, D87N",S80I
Liv61,2,1,"S83L, D87N",S80I
Liv62,2,1,"S83L, D87N",S80I
Liv63,2,1,"S83L, D87N",S80I
Liv64,2,1,"S83L, D87N",S80I
Liv65,2,1,"S83L, D87N",S80I
Liv66,2,1,"S83L, D87N",S80I
Liv67,2,1,"S83L, D87N",S80I
Liv67M,2,1,"S83L, D87N",S80I
Liv68,2,1,"S83L, D87N",S80I
Liv69,0,0,NA,NA
Liv6,0,0,NA,NA
Liv70,2,1,"S83L, D87N",S80I
Liv71,1,1,S83L,S80I
Liv72,1,1,S83L,S80I
Liv73,2,1,"S83L, D87N",S80I
Liv74,1,1,S83L,S80I
Liv75,0,0,NA,NA
Liv76,2,1,"S83L, D87N",S80I
Liv77,2,1,"S83L, D87N",S80I
Liv78,0,0,NA,NA
Liv79,2,1,"S83L, D87N",S80I
Liv79MB,2,1,"S83L, D87N",S80I
Liv80,0,0,NA,NA
Liv82,0,0,NA,NA
Liv83,2,1,"S83L, D87N",S80I
Liv84,1,0,S83L,NA
Liv85,2,1,"S83L, D87N",S80I
Liv86,0,0,NA,NA
Liv87,0,0,NA,NA
Liv88,2,1,"S83L, D87N",S80I
Liv89,0,0,NA,NA
Liv90,2,1,"S83L, D87N",S80I
Liv91,1,1,S83L,S80I
Liv92,1,0,S83L,NA
Liv93,1,0,S83L,NA
Liv94,2,1,"S83L, D87N",S80I
Liv95,2,1,"S83L, D87N",S80I
Liv95M,2,1,"S83L, D87N",S80I
Liv96MA,2,1,"S83L, D87N",S80I
Liv97,2,1,"S83L, D87N",S80I
Liv98,2,1,"S83L, D87N",S80I
Liv99,1,1,S83L,S80I
